season,week,game_id,kickoff_utc,home_team,away_team,model,model_file,model_sha256,p_home,pick,snapshot_file,snapshot_pulled_at_utc,home_moneyline,away_moneyline,spread_line,implied_p_home,edge_home,edge_away,paper_bet,bet_status,no_bet_reason,bet_price,stake,predicted_at_utc,home_score,away_score,scores_snapshot_file,result,home_win,correct,log_loss,brier,home_correct,vegas_fav,vegas_correct,vegas_log_loss,vegas_brier,bet_outcome,units,last_prekickoff_snapshot_file,last_prekickoff_snapshot_pulled_at_utc,p_late_home,bet_clv,line_move_toward_model,clv_status,graded_at_utc
2026,4,2026_04_PIT_CLE,2026-10-02T00:15:00Z,CLE,PIT,champion,models/live_2026_champion.joblib,f813a2b0cb58d3202c547ca30c8dc90e242a84a8a9b74d5a82f43293571c1006,0.4226674408,away,schedules_2026_20261001T190051Z.parquet,2026-10-01T19:00:51Z,124,-148,-2.5,0.4279403644,-0.005272923652,0.005272923652,none,,edge_below_threshold,,0,2026-10-01T19:00:58Z,27,24,schedules_2026_20261007T182241Z.parquet,home,1,0,0.8611696011,0.3333128839,1,away,0,0.8487714286,0.3272522267,none,0,schedules_2026_20261001T190248Z.parquet,2026-10-01T19:02:48Z,0.4279403644,,-3.953615213e-11,measured,2026-10-07T18:23:00Z
2026,4,2026_04_IND_WAS,2026-10-04T13:30:00Z,WAS,IND,champion,models/live_2026_champion.joblib,f813a2b0cb58d3202c547ca30c8dc90e242a84a8a9b74d5a82f43293571c1006,0.5222232449,home,schedules_2026_20261001T190051Z.parquet,2026-10-01T19:00:51Z,160,-192,-3.5,0.3690596562,0.1531635887,-0.1531635887,home,official,,160,1,2026-10-01T19:00:58Z,13,30,schedules_2026_20261007T182241Z.parquet,away,0,0,0.7386116951,0.2727171175,0,away,1,0.4605439632,0.1362050298,loss,-1,schedules_2026_20261001T190248Z.parquet,2026-10-01T19:02:48Z,0.3690596562,1.840250174e-11,1.840250174e-11,measured,2026-10-07T18:23:00Z
2026,4,2026_04_ARI_NYG,2026-10-04T17:00:00Z,NYG,ARI,champion,models/live_2026_champion.joblib,f813a2b0cb58d3202c547ca30c8dc90e242a84a8a9b74d5a82f43293571c1006,0.5605087786,home,schedules_2026_20261001T190051Z.parquet,2026-10-01T19:00:51Z,114,-135,-2.5,0.4485588853,0.1119498934,-0.1119498934,home,official,,114,1,2026-10-01T19:00:58Z,36,24,schedules_2026_20261007T182241Z.parquet,home,1,1,0.5789103745,0.1931525337,1,away,0,0.8017153122,0.304087303,win,1.14,schedules_2026_20261001T190248Z.parquet,2026-10-01T19:02:48Z,0.4485588853,-1.654898441e-11,-1.654898441e-11,measured,2026-10-07T18:23:00Z
2026,4,2026_04_DAL_HOU,2026-10-04T17:00:00Z,HOU,DAL,champion,models/live_2026_champion.joblib,f813a2b0cb58d3202c547ca30c8dc90e242a84a8a9b74d5a82f43293571c1006,0.6474501018,home,schedules_2026_20261001T190051Z.parquet,2026-10-01T19:00:51Z,-162,136,3,0.5933697542,0.05408034767,-0.05408034767,home,official,,-162,1,2026-10-01T19:00:58Z,30,34,schedules_2026_20261007T182241Z.parquet,away,0,0,1.042563112,0.4191916343,0,home,0,0.8998509934,0.3520876652,loss,-1,schedules_2026_20261001T190248Z.parquet,2026-10-01T19:02:48Z,0.5933697542,-4.057609804e-11,-4.057609804e-11,measured,2026-10-07T18:23:00Z
2026,4,2026_04_GB_TB,2026-10-04T17:00:00Z,TB,GB,champion,models/live_2026_champion.joblib,f813a2b0cb58d3202c547ca30c8dc90e242a84a8a9b74d5a82f43293571c1006,0.4645237706,away,schedules_2026_20261001T190051Z.parquet,2026-10-01T19:00:51Z,154,-185,-3.5,0.3775334481,0.08699032243,-0.08699032243,home,official,,154,1,2026-10-01T19:00:58Z,14,17,schedules_2026_20261007T182241Z.parquet,away,0,1,0.6245987796,0.2157823335,0,away,1,0.474065384,0.1425315044,loss,-1,schedules_2026_20261001T190248Z.parquet,2026-10-01T19:02:48Z,0.3775334481,3.882638655e-11,3.882638655e-11,measured,2026-10-07T18:23:00Z
2026,4,2026_04_JAX_CIN,2026-10-04T17:00:00Z,CIN,JAX,champion,models/live_2026_champion.joblib,f813a2b0cb58d3202c547ca30c8dc90e242a84a8a9b74d5a82f43293571c1006,0.4567336606,away,schedules_2026_20261001T190051Z.parquet,2026-10-01T19:00:51Z,-142,120,2.5,0.5634920635,-0.1067584029,0.1067584029,away,official,,120,1,2026-10-01T19:00:58Z,17,22,schedules_2026_20261007T182241Z.parquet,away,0,1,0.6101555832,0.2086056367,0,home,0,0.8289487217,0.3175233056,win,1.2,schedules_2026_20261001T190248Z.parquet,2026-10-01T19:02:48Z,0.5634920635,7.936540314e-12,7.936540314e-12,measured,2026-10-07T18:23:00Z
2026,4,2026_04_LA_PHI,2026-10-04T17:00:00Z,PHI,LA,champion,models/live_2026_champion.joblib,f813a2b0cb58d3202c547ca30c8dc90e242a84a8a9b74d5a82f43293571c1006,0.4968245933,away,schedules_2026_20261001T190051Z.parquet,2026-10-01T19:00:51Z,136,-162,-3,0.4066302458,0.09019434751,-0.09019434751,home,official,,136,1,2026-10-01T19:00:58Z,20,24,schedules_2026_20261007T182241Z.parquet,away,0,1,0.6868164486,0.2468346765,0,away,1,0.5219375428,0.1653481568,loss,-1,schedules_2026_20261001T190248Z.parquet,2026-10-01T19:02:48Z,0.4066302458,4.057609804e-11,4.057609804e-11,measured,2026-10-07T18:23:00Z
2026,4,2026_04_NE_BUF,2026-10-04T17:00:00Z,BUF,NE,champion,models/live_2026_champion.joblib,f813a2b0cb58d3202c547ca30c8dc90e242a84a8a9b74d5a82f43293571c1006,0.6080516345,home,schedules_2026_20261001T190051Z.parquet,2026-10-01T19:00:51Z,-290,235,6.5,0.7135512303,-0.1054995957,0.1054995957,away,official,,235,1,2026-10-01T19:00:58Z,26,29,schedules_2026_20261007T182241Z.parquet,away,0,0,0.9366251685,0.3697267902,0,home,0,1.250195573,0.5091553583,win,2.35,schedules_2026_20261001T190248Z.parquet,2026-10-01T19:02:48Z,0.7135512303,3.925815228e-11,3.925815228e-11,measured,2026-10-07T18:23:00Z
2026,4,2026_04_NYJ_CHI,2026-10-04T17:00:00Z,CHI,NYJ,champion,models/live_2026_champion.joblib,f813a2b0cb58d3202c547ca30c8dc90e242a84a8a9b74d5a82f43293571c1006,0.7946651345,home,schedules_2026_20261001T190051Z.parquet,2026-10-01T19:00:51Z,-175,145,3.5,0.6092362345,0.1854289,-0.1854289,home,official,,-175,1,2026-10-01T19:00:58Z,23,12,schedules_2026_20261007T182241Z.parquet,home,1,1,0.2298344675,0.04216240699,1,home,1,0.4955491809,0.1526963204,win,0.5714285714,schedules_2026_20261001T190248Z.parquet,2026-10-01T19:02:48Z,0.6092362345,-4.174061097e-11,-4.174061097e-11,measured,2026-10-07T18:23:00Z
2026,4,2026_04_TEN_BAL,2026-10-04T17:00:00Z,BAL,TEN,champion,models/live_2026_champion.joblib,f813a2b0cb58d3202c547ca30c8dc90e242a84a8a9b74d5a82f43293571c1006,0.8655330402,home,schedules_2026_20261001T190051Z.parquet,2026-10-01T19:00:51Z,-700,500,11.5,0.84,0.02553304025,-0.02553304025,none,,edge_below_threshold,,0,2026-10-01T19:00:58Z,24,18,schedules_2026_20261007T182241Z.parquet,home,1,1,0.1444097304,0.01808136328,1,home,1,0.1743533871,0.0256,none,0,schedules_2026_20261001T190248Z.parquet,2026-10-01T19:02:48Z,0.84,,0,measured,2026-10-07T18:23:00Z
2026,4,2026_04_MIA_MIN,2026-10-04T20:05:00Z,MIN,MIA,champion,models/live_2026_champion.joblib,f813a2b0cb58d3202c547ca30c8dc90e242a84a8a9b74d5a82f43293571c1006,0.7204679564,home,schedules_2026_20261001T190051Z.parquet,2026-10-01T19:00:51Z,-600,440,10.5,0.8223350254,-0.101867069,0.101867069,away,official,,440,1,2026-10-01T19:00:58Z,15,10,schedules_2026_20261007T182241Z.parquet,home,1,1,0.3278543386,0.0781381634,1,home,1,0.1956073935,0.0315648432,loss,-1,schedules_2026_20261001T190248Z.parquet,2026-10-01T19:02:48Z,0.8223350254,1.928945892e-11,1.928945892e-11,measured,2026-10-07T18:23:00Z
2026,4,2026_04_DEN_SF,2026-10-04T20:25:00Z,SF,DEN,champion,models/live_2026_champion.joblib,f813a2b0cb58d3202c547ca30c8dc90e242a84a8a9b74d5a82f43293571c1006,0.6515373466,home,schedules_2026_20261001T190051Z.parquet,2026-10-01T19:00:51Z,-148,124,3,0.5720596356,0.079477711,-0.079477711,home,official,,-148,1,2026-10-01T19:00:58Z,24,14,schedules_2026_20261007T182241Z.parquet,home,1,1,0.42842056,0.1214262208,1,home,1,0.558512035,0.1831329555,win,0.6756756757,schedules_2026_20261001T190248Z.parquet,2026-10-01T19:02:48Z,0.5720596356,-3.953615213e-11,-3.953615213e-11,measured,2026-10-07T18:23:00Z
2026,4,2026_04_KC_LV,2026-10-04T20:25:00Z,LV,KC,champion,models/live_2026_champion.joblib,f813a2b0cb58d3202c547ca30c8dc90e242a84a8a9b74d5a82f43293571c1006,0.3443439535,away,schedules_2026_20261001T190051Z.parquet,2026-10-01T19:00:51Z,180,-218,-4.5,0.3425247738,0.001819179667,-0.001819179667,none,,edge_below_threshold,,0,2026-10-01T19:00:58Z,27,30,schedules_2026_20261007T182241Z.parquet,away,0,1,0.4221189469,0.1185727583,0,away,1,0.4193481944,0.1173232207,none,0,schedules_2026_20261001T190248Z.parquet,2026-10-01T19:02:48Z,0.3425247738,,4.39465131e-12,measured,2026-10-07T18:23:00Z
2026,4,2026_04_LAC_SEA,2026-10-04T20:25:00Z,SEA,LAC,champion,models/live_2026_champion.joblib,f813a2b0cb58d3202c547ca30c8dc90e242a84a8a9b74d5a82f43293571c1006,0.814144727,home,schedules_2026_20261001T190051Z.parquet,2026-10-01T19:00:51Z,-380,300,7,0.76,0.05414472699,-0.05414472699,home,official,,-380,1,2026-10-01T19:00:58Z,30,23,schedules_2026_20261007T182241Z.parquet,home,1,1,0.2056171315,0.0345421825,1,home,1,0.2744368457,0.0576,win,0.2631578947,schedules_2026_20261001T190248Z.parquet,2026-10-01T19:02:48Z,0.76,1.110223025e-16,1.110223025e-16,measured,2026-10-07T18:23:00Z
2026,4,2026_04_DET_CAR,2026-10-05T00:20:00Z,CAR,DET,champion,models/live_2026_champion.joblib,f813a2b0cb58d3202c547ca30c8dc90e242a84a8a9b74d5a82f43293571c1006,0.4013740433,away,schedules_2026_20261001T190051Z.parquet,2026-10-01T19:00:51Z,150,-180,-3.5,0.3835616438,0.0178123995,-0.0178123995,none,,edge_below_threshold,,0,2026-10-01T19:00:58Z,32,26,schedules_2026_20261007T182241Z.parquet,home,1,0,0.9128615101,0.358353036,1,away,0,0.9582549311,0.379996247,none,0,schedules_2026_20261001T190248Z.parquet,2026-10-01T19:02:48Z,0.3835616438,,3.561639872e-11,measured,2026-10-07T18:23:00Z
2026,4,2026_04_ATL_NO,2026-10-06T00:15:00Z,NO,ATL,champion,models/live_2026_champion.joblib,f813a2b0cb58d3202c547ca30c8dc90e242a84a8a9b74d5a82f43293571c1006,0.5403573657,home,schedules_2026_20261001T190051Z.parquet,2026-10-01T19:00:51Z,-148,124,2.5,0.5720596356,-0.03170226983,0.03170226983,none,,edge_below_threshold,,0,2026-10-01T19:00:58Z,24,45,schedules_2026_20261007T182241Z.parquet,away,0,0,0.7773059734,0.2919860827,0,home,0,0.8487714286,0.3272522267,none,0,schedules_2026_20261001T190248Z.parquet,2026-10-01T19:02:48Z,0.5720596356,,3.953615213e-11,measured,2026-10-07T18:23:00Z
2026,4,2026_04_PIT_CLE,2026-10-02T00:15:00Z,CLE,PIT,challenger,models/live_2026_challenger_calibrated.joblib,185d565f2c1202cb693a527766f875d259b2c118140933efe776621c13daad28,0.4220148224,away,schedules_2026_20261001T190051Z.parquet,2026-10-01T19:00:51Z,124,-148,-2.5,0.4279403644,-0.005925542079,0.005925542079,none,,edge_below_threshold,,0,2026-10-01T19:00:58Z,27,24,schedules_2026_20261007T182241Z.parquet,home,1,0,0.8627148414,0.3340668655,1,away,0,0.8487714286,0.3272522267,none,0,schedules_2026_20261001T190248Z.parquet,2026-10-01T19:02:48Z,0.4279403644,,-3.953615213e-11,measured,2026-10-07T18:23:00Z
2026,4,2026_04_IND_WAS,2026-10-04T13:30:00Z,WAS,IND,challenger,models/live_2026_challenger_calibrated.joblib,185d565f2c1202cb693a527766f875d259b2c118140933efe776621c13daad28,0.509866095,home,schedules_2026_20261001T190051Z.parquet,2026-10-01T19:00:51Z,160,-192,-3.5,0.3690596562,0.1408064388,-0.1408064388,home,hypothetical,,160,1,2026-10-01T19:00:58Z,13,30,schedules_2026_20261007T182241Z.parquet,away,0,0,0.7130766497,0.2599634348,0,away,1,0.4605439632,0.1362050298,loss,-1,schedules_2026_20261001T190248Z.parquet,2026-10-01T19:02:48Z,0.3690596562,1.840250174e-11,1.840250174e-11,measured,2026-10-07T18:23:00Z
2026,4,2026_04_ARI_NYG,2026-10-04T17:00:00Z,NYG,ARI,challenger,models/live_2026_challenger_calibrated.joblib,185d565f2c1202cb693a527766f875d259b2c118140933efe776621c13daad28,0.5438191559,home,schedules_2026_20261001T190051Z.parquet,2026-10-01T19:00:51Z,114,-135,-2.5,0.4485588853,0.09526027065,-0.09526027065,home,hypothetical,,114,1,2026-10-01T19:00:58Z,36,24,schedules_2026_20261007T182241Z.parquet,home,1,1,0.6091385214,0.2081009625,1,away,0,0.8017153122,0.304087303,win,1.14,schedules_2026_20261001T190248Z.parquet,2026-10-01T19:02:48Z,0.4485588853,-1.654898441e-11,-1.654898441e-11,measured,2026-10-07T18:23:00Z
2026,4,2026_04_DAL_HOU,2026-10-04T17:00:00Z,HOU,DAL,challenger,models/live_2026_challenger_calibrated.joblib,185d565f2c1202cb693a527766f875d259b2c118140933efe776621c13daad28,0.6219342057,home,schedules_2026_20261001T190051Z.parquet,2026-10-01T19:00:51Z,-162,136,3,0.5933697542,0.02856445153,-0.02856445153,none,,edge_below_threshold,,0,2026-10-01T19:00:58Z,30,34,schedules_2026_20261007T182241Z.parquet,away,0,0,0.9726870395,0.3868021562,0,home,0,0.8998509934,0.3520876652,none,0,schedules_2026_20261001T190248Z.parquet,2026-10-01T19:02:48Z,0.5933697542,,-4.057609804e-11,measured,2026-10-07T18:23:00Z
2026,4,2026_04_GB_TB,2026-10-04T17:00:00Z,TB,GB,challenger,models/live_2026_challenger_calibrated.joblib,185d565f2c1202cb693a527766f875d259b2c118140933efe776621c13daad28,0.4589335854,away,schedules_2026_20261001T190051Z.parquet,2026-10-01T19:00:51Z,154,-185,-3.5,0.3775334481,0.08140013721,-0.08140013721,home,hypothetical,,154,1,2026-10-01T19:00:58Z,14,17,schedules_2026_20261007T182241Z.parquet,away,0,1,0.614213245,0.2106200358,0,away,1,0.474065384,0.1425315044,loss,-1,schedules_2026_20261001T190248Z.parquet,2026-10-01T19:02:48Z,0.3775334481,3.882638655e-11,3.882638655e-11,measured,2026-10-07T18:23:00Z
2026,4,2026_04_JAX_CIN,2026-10-04T17:00:00Z,CIN,JAX,challenger,models/live_2026_challenger_calibrated.joblib,185d565f2c1202cb693a527766f875d259b2c118140933efe776621c13daad28,0.4520651548,away,schedules_2026_20261001T190051Z.parquet,2026-10-01T19:00:51Z,-142,120,2.5,0.5634920635,-0.1114269087,0.1114269087,away,hypothetical,,120,1,2026-10-01T19:00:58Z,17,22,schedules_2026_20261007T182241Z.parquet,away,0,1,0.6015988947,0.2043629042,0,home,0,0.8289487217,0.3175233056,win,1.2,schedules_2026_20261001T190248Z.parquet,2026-10-01T19:02:48Z,0.5634920635,7.936540314e-12,7.936540314e-12,measured,2026-10-07T18:23:00Z
2026,4,2026_04_LA_PHI,2026-10-04T17:00:00Z,PHI,LA,challenger,models/live_2026_challenger_calibrated.joblib,185d565f2c1202cb693a527766f875d259b2c118140933efe776621c13daad28,0.4874246738,away,schedules_2026_20261001T190051Z.parquet,2026-10-01T19:00:51Z,136,-162,-3,0.4066302458,0.08079442795,-0.08079442795,home,hypothetical,,136,1,2026-10-01T19:00:58Z,20,24,schedules_2026_20261007T182241Z.parquet,away,0,1,0.6683076008,0.2375828126,0,away,1,0.5219375428,0.1653481568,loss,-1,schedules_2026_20261001T190248Z.parquet,2026-10-01T19:02:48Z,0.4066302458,4.057609804e-11,4.057609804e-11,measured,2026-10-07T18:23:00Z
2026,4,2026_04_NE_BUF,2026-10-04T17:00:00Z,BUF,NE,challenger,models/live_2026_challenger_calibrated.joblib,185d565f2c1202cb693a527766f875d259b2c118140933efe776621c13daad28,0.5863146117,home,schedules_2026_20261001T190051Z.parquet,2026-10-01T19:00:51Z,-290,235,6.5,0.7135512303,-0.1272366185,0.1272366185,away,hypothetical,,235,1,2026-10-01T19:00:58Z,26,29,schedules_2026_20261007T182241Z.parquet,away,0,0,0.8826495257,0.3437648239,0,home,0,1.250195573,0.5091553583,win,2.35,schedules_2026_20261001T190248Z.parquet,2026-10-01T19:02:48Z,0.7135512303,3.925815228e-11,3.925815228e-11,measured,2026-10-07T18:23:00Z
2026,4,2026_04_NYJ_CHI,2026-10-04T17:00:00Z,CHI,NYJ,challenger,models/live_2026_challenger_calibrated.joblib,185d565f2c1202cb693a527766f875d259b2c118140933efe776621c13daad28,0.7606301704,home,schedules_2026_20261001T190051Z.parquet,2026-10-01T19:00:51Z,-175,145,3.5,0.6092362345,0.1513939359,-0.1513939359,home,hypothetical,,-175,1,2026-10-01T19:00:58Z,23,12,schedules_2026_20261007T182241Z.parquet,home,1,1,0.2736080177,0.05729791532,1,home,1,0.4955491809,0.1526963204,win,0.5714285714,schedules_2026_20261001T190248Z.parquet,2026-10-01T19:02:48Z,0.6092362345,-4.174061097e-11,-4.174061097e-11,measured,2026-10-07T18:23:00Z
2026,4,2026_04_TEN_BAL,2026-10-04T17:00:00Z,BAL,TEN,challenger,models/live_2026_challenger_calibrated.joblib,185d565f2c1202cb693a527766f875d259b2c118140933efe776621c13daad28,0.8327814787,home,schedules_2026_20261001T190051Z.parquet,2026-10-01T19:00:51Z,-700,500,11.5,0.84,-0.007218521276,0.007218521276,none,,edge_below_threshold,,0,2026-10-01T19:00:58Z,24,18,schedules_2026_20261007T182241Z.parquet,home,1,1,0.1829840017,0.02796203387,1,home,1,0.1743533871,0.0256,none,0,schedules_2026_20261001T190248Z.parquet,2026-10-01T19:02:48Z,0.84,,-0,measured,2026-10-07T18:23:00Z
2026,4,2026_04_MIA_MIN,2026-10-04T20:05:00Z,MIN,MIA,challenger,models/live_2026_challenger_calibrated.joblib,185d565f2c1202cb693a527766f875d259b2c118140933efe776621c13daad28,0.6893574012,home,schedules_2026_20261001T190051Z.parquet,2026-10-01T19:00:51Z,-600,440,10.5,0.8223350254,-0.1329776242,0.1329776242,away,hypothetical,,440,1,2026-10-01T19:00:58Z,15,10,schedules_2026_20261007T182241Z.parquet,home,1,1,0.3719954179,0.09649882419,1,home,1,0.1956073935,0.0315648432,loss,-1,schedules_2026_20261001T190248Z.parquet,2026-10-01T19:02:48Z,0.8223350254,1.928945892e-11,1.928945892e-11,measured,2026-10-07T18:23:00Z
2026,4,2026_04_DEN_SF,2026-10-04T20:25:00Z,SF,DEN,challenger,models/live_2026_challenger_calibrated.joblib,185d565f2c1202cb693a527766f875d259b2c118140933efe776621c13daad28,0.6256554831,home,schedules_2026_20261001T190051Z.parquet,2026-10-01T19:00:51Z,-148,124,3,0.5720596356,0.05359584749,-0.05359584749,home,hypothetical,,-148,1,2026-10-01T19:00:58Z,24,14,schedules_2026_20261007T182241Z.parquet,home,1,1,0.4689554059,0.1401338173,1,home,1,0.558512035,0.1831329555,win,0.6756756757,schedules_2026_20261001T190248Z.parquet,2026-10-01T19:02:48Z,0.5720596356,-3.953615213e-11,-3.953615213e-11,measured,2026-10-07T18:23:00Z
2026,4,2026_04_KC_LV,2026-10-04T20:25:00Z,LV,KC,challenger,models/live_2026_challenger_calibrated.joblib,185d565f2c1202cb693a527766f875d259b2c118140933efe776621c13daad28,0.3525435227,away,schedules_2026_20261001T190051Z.parquet,2026-10-01T19:00:51Z,180,-218,-4.5,0.3425247738,0.01001874894,-0.01001874894,none,,edge_below_threshold,,0,2026-10-01T19:00:58Z,27,30,schedules_2026_20261007T182241Z.parquet,away,0,1,0.4347037042,0.1242869354,0,away,1,0.4193481944,0.1173232207,none,0,schedules_2026_20261001T190248Z.parquet,2026-10-01T19:02:48Z,0.3425247738,,4.39465131e-12,measured,2026-10-07T18:23:00Z
2026,4,2026_04_LAC_SEA,2026-10-04T20:25:00Z,SEA,LAC,challenger,models/live_2026_challenger_calibrated.joblib,185d565f2c1202cb693a527766f875d259b2c118140933efe776621c13daad28,0.7799816797,home,schedules_2026_20261001T190051Z.parquet,2026-10-01T19:00:51Z,-380,300,7,0.76,0.01998167973,-0.01998167973,none,,edge_below_threshold,,0,2026-10-01T19:00:58Z,30,23,schedules_2026_20261007T182241Z.parquet,home,1,1,0.2484848471,0.04840806127,1,home,1,0.2744368457,0.0576,none,0,schedules_2026_20261001T190248Z.parquet,2026-10-01T19:02:48Z,0.76,,1.110223025e-16,measured,2026-10-07T18:23:00Z
2026,4,2026_04_DET_CAR,2026-10-05T00:20:00Z,CAR,DET,challenger,models/live_2026_challenger_calibrated.joblib,185d565f2c1202cb693a527766f875d259b2c118140933efe776621c13daad28,0.4031995379,away,schedules_2026_20261001T190051Z.parquet,2026-10-01T19:00:51Z,150,-180,-3.5,0.3835616438,0.01963789409,-0.01963789409,none,,edge_below_threshold,,0,2026-10-01T19:00:58Z,32,26,schedules_2026_20261007T182241Z.parquet,home,1,0,0.9083237083,0.3561707916,1,away,0,0.9582549311,0.379996247,none,0,schedules_2026_20261001T190248Z.parquet,2026-10-01T19:02:48Z,0.3835616438,,3.561639872e-11,measured,2026-10-07T18:23:00Z
2026,4,2026_04_ATL_NO,2026-10-06T00:15:00Z,NO,ATL,challenger,models/live_2026_challenger_calibrated.joblib,185d565f2c1202cb693a527766f875d259b2c118140933efe776621c13daad28,0.5259251354,home,schedules_2026_20261001T190051Z.parquet,2026-10-01T19:00:51Z,-148,124,2.5,0.5720596356,-0.04613450012,0.04613450012,away,hypothetical,,124,1,2026-10-01T19:00:58Z,24,45,schedules_2026_20261007T182241Z.parquet,away,0,0,0.7463900276,0.276597248,0,home,0,0.8487714286,0.3272522267,win,1.24,schedules_2026_20261001T190248Z.parquet,2026-10-01T19:02:48Z,0.5720596356,3.953615213e-11,3.953615213e-11,measured,2026-10-07T18:23:00Z
